{"cameraMode":{"drawMode":0,"name":"Shaded","section":"Shading Mode"},"sceneLighting":true,"audioPlay":false,"sceneViewState":{"showFog":true,"showMaterialUpdate":true,"showSkybox":true,"showFlares":true,"showImageEffects":true,"showParticleSystems":true},"in2DMode":false,"pivot":{"x":25.83918571472168,"y":-20.868927001953126,"z":9.672757148742676},"rotation":{"x":-0.2815256714820862,"y":-0.5416028499603272,"z":0.19886630773544312,"w":-0.7667214870452881},"size":99.21630859375,"orthographic":false}